University name (from previous list),Official website URL
Aalen University,https://www.hs-aalen.de/
accadis Hochschule Bad Homburg | University of Applied Sciences,https://www.accadis.com/
Albstadt-Sigmaringen University,https://www.hs-albsig.de/
Anhalt University of Applied Sciences,https://www.hs-anhalt.de/
Ansbach University of Applied Sciences,https://www.hs-ansbach.de/
Aschaffenburg University of Applied Sciences,https://www.th-ab.de/
Baden-Wuerttemberg Cooperative State University,https://www.dhbw.de/
"Bard College Berlin, a Liberal Arts University",https://berlin.bard.edu/
Bauhaus-Universität Weimar,https://www.uni-weimar.de/
Bavarian University of Business and Technology (HDBW),https://www.hdbw-hochschule.de/
bbw Hochschule,https://www.bbw-hochschule.de/
Berliner Hochschule für Technik,https://www.bht-berlin.de/
Biberach University of Applied Sciences,https://www.hochschule-biberach.de/
Bielefeld University,https://www.uni-bielefeld.de/
Bingen University of Applied Sciences,https://www.th-bingen.de/
Bochum University of Applied Sciences,https://www.hochschule-bochum.de/
Brandenburg University of Technology Cottbus-Senftenberg,https://www.b-tu.de/
Bremen University of Applied Sciences,https://www.hs-bremen.de/
Bremerhaven University of Applied Sciences,https://www.hs-bremerhaven.de/
Catholic University of Eichstätt-Ingolstadt,https://www.ku.de/
Charité - Universitätsmedizin Berlin,https://www.charite.de/
Chemnitz University of Technology,https://www.tu-chemnitz.de/
Coburg University of Applied Sciences and Arts,https://www.hs-coburg.de/
Darmstadt University of Applied Sciences,https://h-da.de/
Deggendorf Institute of Technology,https://www.th-deg.de/
Detmold University of Music,https://www.hfm-detmold.de/
Dortmund University of Applied Sciences and Arts,https://www.fh-dortmund.de/
Dresden International University,https://www.di-uni.de/
Dresden University of Technology,https://tu-dresden.de/
EBS Universität für Wirtschaft und Recht,https://www.ebs.edu/
Eberswalde University for Sustainable Development,https://www.hnee.de/
ESCP Berlin Campus,https://escp.eu/
Esslingen University of Applied Sciences,https://www.hs-esslingen.de/
Europa-Universität Flensburg,https://www.uni-flensburg.de/
European University Viadrina,https://www.europa-uni.de/
FAU Erlangen-Nürnberg,https://www.fau.eu/
Fachhochschule Wedel University of Applied Sciences,https://www.fh-wedel.de/
FH Aachen University of Applied Sciences,https://www.fh-aachen.de/
FH Münster University of Applied Sciences,https://www.fh-muenster.de/
FH Westküste University of Applied Sciences,https://www.fh-westkueste.de/
Flensburg University of Applied Sciences,https://www.hs-flensburg.de/
Folkwang University of the Arts,https://www.folkwang-uni.de/
Frankfurt School of Finance & Management,https://www.frankfurt-school.de/
Frankfurt University of Applied Sciences,https://www.frankfurt-university.de/
Freie Universität Berlin,https://www.fu-berlin.de/
Friedensau Adventist University,https://www.thh-friedensau.de/
Friedrich Schiller University Jena,https://www.uni-jena.de/
Fulda University of Applied Sciences,https://www.hs-fulda.de/
Furtwangen University,https://www.hs-furtwangen.de/
Goethe University Frankfurt,https://www.uni-frankfurt.de/
HafenCity University Hamburg,https://www.hcu-hamburg.de/
HHL Leipzig Graduate School of Management,https://www.hhl.de/
Hamburg University of Applied Sciences,https://www.haw-hamburg.de/
Hamburg University of Technology,https://www.tuhh.de/
Hamm-Lippstadt University of Applied Sciences,https://www.hshl.de/
Harz University of Applied Sciences,https://www.hs-harz.de/
Heidelberg University,https://www.uni-heidelberg.de/
Heilbronn University of Applied Sciences,https://www.hs-heilbronn.de/
Heinrich Heine University Düsseldorf,https://www.hhu.de/
Hertie School,https://www.hertie-school.org/
Hochschule Bielefeld – University of Applied Sciences and Arts (HSBI),https://www.hsbi.de/
Hochschule Bonn-Rhein-Sieg,https://www.h-brs.de/
Hochschule der Medien Stuttgart,https://www.hdm-stuttgart.de/
Hochschule Fresenius - University of Applied Sciences,https://www.hs-fresenius.de/
Hochschule Geisenheim University,https://www.hs-geisenheim.de/
Hochschule Hannover - University of Applied Sciences and Arts,https://www.hs-hannover.de/
Hochschule für Technik und Wirtschaft Dresden,https://www.htw-dresden.de/
Hochschule München University of Applied Sciences,https://www.hm.edu/
Hochschule Wismar,https://www.hs-wismar.de/
Hochschule für Technik und Wirtschaft Dresden – University of Applied Sciences,https://www.htw-dresden.de/
Hof University of Applied Sciences,https://www.hof-university.com/
htw saar - University of Applied Sciences,https://www.htwsaar.de/
Humboldt-Universität zu Berlin,https://www.hu-berlin.de/
ifs Internationale Filmschule Köln,https://www.filmschule.de/
International Psychoanalytic University Berlin,https://www.ipu-berlin.de/
International School of Management (ISM),https://ism.de/
International University SDI München,https://www.sdi-muenchen.de/
Internationale Hochschule Liebenzell,https://www.ihl.eu/
Jade University of Applied Sciences Wilhelmshaven/Oldenburg/Elsfleth,https://www.jade-hs.de/
Johannes Gutenberg University Mainz,https://www.uni-mainz.de/
Julius-Maximilians-Universität Würzburg,https://www.uni-wuerzburg.de/
Justus Liebig University Giessen,https://www.uni-giessen.de/
Kaiserslautern University of Applied Sciences,https://www.hs-kl.de/
Karlsruhe Institute of Technology,https://www.kit.edu/
Karlsruhe University of Applied Sciences,https://www.h-ka.de/
Kempten University of Applied Sciences,https://www.hs-kempten.de/
Kiel University,https://www.uni-kiel.de/
Kiel University of Applied Sciences,https://www.fh-kiel.de/
Kühne Logistics University,https://www.klu.org/
Landshut University of Applied Sciences,https://www.haw-landshut.de/
Leibniz University Hannover,https://www.uni-hannover.de/
Leipzig University,https://www.uni-leipzig.de/
Leuphana University Lüneburg,https://www.leuphana.de/
Ludwig-Maximilians-Universität München,https://www.lmu.de/
Ludwigshafen University of Business and Society,https://www.hwg-lu.de/
Magdeburg-Stendal University of Applied Sciences,https://www.h2.de/
Mainz University of Applied Sciences,https://www.hs-mainz.de/
Marburg University,https://www.uni-marburg.de/
Max Planck Institute for Marine Microbiology,https://www.mpi-bremen.de/
Max Planck Institute for the Science of Light,https://mpl.mpg.de/
Max-Planck-Zentrum für Physik und Medizin,https://www.mpzpm.mpg.de/
Merseburg University of Applied Sciences,https://www.hs-merseburg.de/
Merz Akademie,https://www.merz-akademie.de/
Mittweida University of Applied Sciences,https://www.hs-mittweida.de/
Neu-Ulm University of Applied Sciences,https://www.hnu.de/
Neubrandenburg University of Applied Sciences,https://www.hs-nb.de/
Nordhausen University of Applied Sciences,https://www.hs-nordhausen.de/
Nürtingen-Geislingen University,https://www.hfwu.de/
OTH Regensburg,https://www.oth-regensburg.de/
Offenburg University of Applied Sciences,https://www.hs-offenburg.de/
Osnabrück University,https://www.uni-osnabrueck.de/
Osnabrück University of Applied Sciences,https://www.hs-osnabrueck.de/
Ostbayerische Technische Hochschule Amberg-Weiden (OTH),https://www.oth-aw.de/
Ostfalia University of Applied Sciences,https://www.ostfalia.de/
Otto von Guericke University Magdeburg,https://www.ovgu.de/
OWL University of Applied Sciences and Arts,https://www.th-owl.de/
Paderborn University,https://www.uni-paderborn.de/
Pforzheim University,https://www.hs-pforzheim.de/
Rhine-Waal University of Applied Sciences,https://www.hochschule-rhein-waal.de/
RheinMain University of Applied Sciences,https://www.hs-rm.de/
RPTU University Kaiserslautern-Landau,https://rptu.de/
RWTH Aachen University,https://www.rwth-aachen.de/
Reutlingen University,https://www.reutlingen-university.de/
Rosenheim Technical University of Applied Sciences,https://www.th-rosenheim.de/
Ruhr-Universität Bochum,https://www.ruhr-uni-bochum.de/
Saarland University,https://www.uni-saarland.de/
SRH Distance Learning University,https://www.srh-fernhochschule.de/
SRH University,https://www.srh-university.de/
South Westphalia University of Applied Sciences,https://www.fh-swf.de/
Stralsund University of Applied Sciences,https://www.hochschule-stralsund.de/
Stuttgart Technical University of Applied Sciences,https://www.hft-stuttgart.de/
TU Bergakademie Freiberg,https://tu-freiberg.de/
TU Dortmund University,https://www.tu-dortmund.de/
Technical University of Applied Sciences Augsburg,https://www.tha.de/
Technical University of Applied Sciences Wildau,https://www.th-wildau.de/
Technical University of Applied Sciences Würzburg-Schweinfurt (THWS),https://www.thws.de/
Technical University of Darmstadt,https://www.tu-darmstadt.de/
Technical University of Munich,https://www.tum.de/
Technische Hochschule Ingolstadt,https://www.thi.de/
Technische Hochschule Köln - University of Applied Sciences,https://www.th-koeln.de/
Technische Hochschule Lübeck,https://www.th-luebeck.de/
Technische Hochschule Mannheim,https://www.hs-mannheim.de/
Technische Hochschule Mittelhessen University of Applied Sciences,https://www.thm.de/
Technische Hochschule Nürnberg Georg Simon Ohm,https://www.th-nuernberg.de/
Technische Universität Berlin,https://www.tu.berlin/
Technische Universität Braunschweig,https://www.tu-braunschweig.de/
Technische Universität Ilmenau,https://www.tu-ilmenau.de/
Trier University,https://www.uni-trier.de/
Trier University of Applied Sciences,https://www.hochschule-trier.de/
Ulm University,https://www.uni-ulm.de/
Ulm University of Applied Sciences,https://www.thu.de/
Universität zu Lübeck,https://www.uni-luebeck.de/
University of Applied Sciences Emden/Leer,https://www.hs-emden-leer.de/
University of Applied Sciences Erfurt,https://www.fh-erfurt.de/
University of Applied Sciences Jena,https://www.eah-jena.de/
University of Applied Sciences Koblenz,https://www.hs-koblenz.de/
University of Applied Sciences Potsdam,https://www.fh-potsdam.de/
University of Applied Sciences Ravensburg-Weingarten,https://www.rwu.de/
University of Augsburg,https://www.uni-augsburg.de/
University of Bamberg,https://www.uni-bamberg.de/
University of Bayreuth,https://www.uni-bayreuth.de/
University of Bonn,https://www.uni-bonn.de/
University of Bremen,https://www.uni-bremen.de/
University of Cologne,https://www.uni-koeln.de/
University of Duisburg-Essen,https://www.uni-due.de/
University of Education Freiburg,https://www.ph-freiburg.de/
University of Education Schwäbisch Gmünd,https://www.ph-gmuend.de/
University of Erfurt,https://www.uni-erfurt.de/
University of Fine Arts Hamburg,https://www.hfbk-hamburg.de/
University of Freiburg,https://www.uni-freiburg.de/
University of Greifswald,https://www.uni-greifswald.de/
University of Göttingen,https://www.uni-goettingen.de/
University of Hamburg,https://www.uni-hamburg.de/
University of Hildesheim,https://www.uni-hildesheim.de/
University of Hohenheim,https://www.uni-hohenheim.de/
University of Kassel,https://www.uni-kassel.de/
University of Koblenz,https://www.uni-koblenz.de/
University of Konstanz,https://www.uni-konstanz.de/
University of Mannheim,https://www.uni-mannheim.de/
University of Münster,https://www.uni-muenster.de/
University of Oldenburg,https://uol.de/
University of Passau,https://www.uni-passau.de/
University of Potsdam,https://www.uni-potsdam.de/
University of Regensburg,https://www.uni-regensburg.de/
University of Rostock,https://www.uni-rostock.de/
University of Siegen,https://www.uni-siegen.de/
University of Stuttgart,https://www.uni-stuttgart.de/
University of Technology Nuremberg,https://www.utn.de/
University of Tübingen,https://uni-tuebingen.de/
University of Veterinary Medicine Hannover,https://www.tiho-hannover.de/
University of Wuppertal,https://www.uni-wuppertal.de/
Weihenstephan-Triesdorf University of Applied Sciences,https://www.hswt.de/
Westsächsische Hochschule Zwickau,https://www.whz.de/
WHU - Otto Beisheim School of Management,https://www.whu.edu/
Witten/Herdecke University,https://www.uni-wh.de/
Worms University of Applied Sciences,https://www.hs-worms.de/
Zeppelin University,https://www.zu.de/
htw saar - University of Applied Sciences,https://www.htwsaar.de/
ifs Internationale Filmschule Köln,https://www.filmschule.de/
